ID_CLIENTE,NOME,COGNOME,TELEFONO,EMAIL,INDIRIZZO_RESIDENZA,CITTA_RESIDENZA,NAZIONE_RESIDENZA,RISCHIO_NAZIONE_RESIDENZA
1,Michael,Reeves,2035615874,knoxsamantha@bush.org,"442 Bryan Pine
Kevinmouth, GA 26458",Leeshire,Australia,True
2,Stacy,Smith,1786258241,loweryeric@farrell-roberts.com,"487 Brian Park Apt. 181
West Matthewchester, UT 51152",Joshuatown,Mexico,True
3,Adam,Walker,1783066323,jasonreese@brown.com,"Unit 6278 Box 0127
DPO AP 16730",Francisland,Haiti,False
4,Michael,Bond,1446307167,christopherjennings@russell-gilbert.info,"9285 Stein Knoll Suite 939
Port Allenside, DC 90052",North Michael,Dominican Republic,False
5,Jason,Lopez,1849650265,lday@hotmail.com,"261 Erin Ridges Apt. 510
North Laura, CO 20343",Georgebury,Comoros,True
6,Karen,Jackson,1565774480,melaniehaynes@gmail.com,"67255 Long Ports
West Mariaside, WV 00950",Rowebury,Gambia,True
7,Aaron,Smith,1844197926,zjohnston@yahoo.com,"678 Mary Junctions Suite 271
East Staceymouth, DC 18140",Williamsland,Wallis And Futuna,True
8,Michael,Henson,1761738503,bsullivan@hotmail.com,"PSC 2512, Box 3472
APO AA 47595",Port Johnport,Turkey,False
9,Nathaniel,Chavez,1446305313,martinezarthur@jenkins.com,"4315 Lisa Stravenue Apt. 468
Jamesberg, HI 29576",Jasontown,Uruguay,True
10,Rhonda,Martinez,1471051392,joneskevin@gmail.com,"531 Parrish Pike Suite 392
Lake Allisonside, NV 64796",Herrerachester,United Arab Emirates,True
11,Brittney,James,2033792713,wujames@yahoo.com,"6235 Mendez Plaza Apt. 913
South Jillmouth, WV 32917",Zacharyfort,Dominica,False
12,Kevin,Cooper,1800955408,falvarez@yahoo.com,"8143 Gregory Manor Apt. 544
Lake Michellemouth, NC 68900",West Brenda,Vanuatu,True
13,Jessica,Morton,1939144635,mchristensen@yahoo.com,"148 Hicks Center Apt. 761
Jeanneton, NY 10760",Irwinland,Cuba,True
14,Julia,Newman,2107431781,hallhaley@pierce.com,"008 Donald Landing Apt. 833
Jenniferville, MA 18615",Lake Christopher,South Georgia And The South Sandwich Islands,True
15,Robert,Ortiz,1233962988,speterson@thomas.org,"24876 Sanders Views Suite 263
East Daniel, MN 34470",Alexisberg,United Kingdom,True
16,Steven,Johnson,2017860847,brownyolanda@hotmail.com,"49913 Miller Lodge Apt. 747
Davidmouth, WY 61281",Lake Kristenland,Slovenia,True
17,Kaitlin,Larson,1203737625,dylan63@sanchez-bryant.net,"91345 Frank Passage
New Lisahaven, AL 18456",Wilsonton,Burkina Faso,False
18,Ashley,Hughes,1520530001,powelljenna@yahoo.com,"97980 Patricia Rapid Suite 087
North Kaitlynland, CT 65685",Port Christine,Antarctica,False
19,Chris,Johnson,1633795361,connorwaller@gmail.com,"4979 Deanna Park Suite 464
South Peterhaven, AK 35353",West Matthewfort,Guinea-bissau,False
20,Nichole,Case,1370331371,thomasjoe@jenkins-long.net,"045 Ann Place Apt. 112
North Kristenport, MD 77138",Lanceland,Turks And Caicos Islands,True
21,Jordan,Evans,1116371791,orichards@hotmail.com,"63370 Henry Parks
East Troy, HI 27872",Lake Davidfort,Austria,True
22,Mark,Brewer,1206779327,keithwarner@patel.com,"436 Hernandez Squares
Aaronburgh, IA 32906",North Michaelhaven,Austria,True
23,Ana,Jones,1274635786,vargasgeorge@hotmail.com,"666 Austin Pike Suite 641
West Christine, DC 96890",Trevorburgh,Pitcairn,False
24,Shawn,Perez,1856792479,clopez@frost.com,"11015 Jimenez Haven Apt. 825
New Nathanburgh, PA 82250",Kimberlyport,Argentina,True
25,Richard,Sawyer,1284084368,andrea36@yahoo.com,"3543 Jackson Springs
West Roberthaven, MN 16738",South Jacobville,Svalbard And Jan Mayen,True
26,Bianca,Smith,2006865322,jennifer39@yahoo.com,"78977 David Burgs
Huntville, NM 04885",Madisonmouth,Qatar,False
27,Jessica,Joseph,1209143628,jamesacevedo@wheeler.com,"277 Moore Roads
Haydenland, MD 99340",Kevinton,Morocco,True
28,Kendra,Rowe,1989259908,walterduffy@gmail.com,"397 Parker Crossing Apt. 701
Shaneville, IN 16725",Juliebury,Namibia,False
29,Christopher,Davis,1851343033,erika05@yahoo.com,"6666 Crystal Causeway
Anthonymouth, AZ 32872",Lake Maryfurt,Kiribati,True
30,Nicole,Robinson,1250918012,wstanley@gmail.com,"811 Moore Glens
Lake Katherine, WV 07650",Mitchellfort,Anguilla,True
31,Heather,Nichols,2013574555,mroth@gmail.com,"Unit 9811 Box 2229
DPO AP 21003",Lewisbury,Cape Verde,True
32,Jacob,Gibson,1473222437,samuel19@blackwell-watson.com,"746 Acosta Valleys
Port Whitney, AR 62209",Barkerport,Seychelles,True
33,Heather,Lloyd,1364365488,reynoldsrichard@boyd.biz,"82562 Clark Meadows Suite 923
Stantonhaven, NE 52522",Lake Linda,Central African Republic,False
34,Matthew,Hernandez,2046236863,youngdarren@hotmail.com,"2204 Wright Drive
East Marystad, NV 44289",Courtneybury,French Polynesia,True
35,Karen,Gallagher,1649636487,rachelhenderson@medina.com,"015 Samantha Lane Apt. 381
Port Davidland, CO 07882",Carolynhaven,Tunisia,False
36,James,Allen,1846136501,mcgrathcory@rosales.org,"Unit 1148 Box 7193
DPO AP 02922",East Kayla,Kyrgyzstan,False
37,Jennifer,Pittman,1175340574,sherri41@orr.net,"704 Brown Rapid Suite 350
Gardnertown, CO 13449",South Donnaberg,Georgia,False
38,Karla,Montoya,1582156312,fsmith@hotmail.com,"150 Michele Plaza
Lloydhaven, SD 52967",Goodville,Guinea-bissau,False
39,Lisa,Robinson,1443750902,courtney06@yahoo.com,"81044 Meyers Land
Port Traciville, SC 28359",Rachelberg,Bulgaria,False
40,Alex,Jordan,1555709923,marthagonzalez@yahoo.com,"PSC 6990, Box 5041
APO AA 91878",Brownland,Norway,False
41,Chelsea,Henderson,1508608473,shelbyvelazquez@robertson.info,"66160 Young Estate Apt. 266
Janetberg, AL 47897",Clarkchester,Andorra,True
42,Jonathan,Conway,1925602590,alanbrown@hernandez-armstrong.com,"918 Samantha Locks
South Michaelabury, SD 11522",Kimberlyview,Estonia,False
43,Sean,Adams,2092203010,clarkvictoria@rodriguez-ross.com,"PSC 9260, Box 6832
APO AE 85697",North Katelyn,Nauru,True
44,Jennifer,Benton,2071288462,jmays@gmail.com,"070 Harris Lock
North Haroldbury, TX 56986",Arnoldshire,Burundi,False
45,Heather,Roberts,1429964951,jstevenson@gmail.com,"94672 Collier Lodge
Mariamouth, OR 14189",Cranebury,United States Minor Outlying Islands,True
46,Michele,Hart,1955968819,pprice@harris.com,"948 Arellano Manors
West Manuel, WA 95131",South Danielfurt,Cook Islands,True
47,Christina,Guzman,2010496278,kristinwhite@yahoo.com,"7452 Winters Locks Suite 030
Port Calebberg, AL 75338",Thomasside,Turkey,False
48,Betty,Franklin,1369062936,bryantcharles@gmail.com,"17235 Thomas Terrace
Smithmouth, NV 74704",Gomezland,Cayman Islands,True
49,Dana,Hughes,1664537768,nholmes@hotmail.com,"738 Katelyn View
West Michelle, AZ 30903",Port Chasefurt,Hungary,True
50,Patrick,Bowen,1698650207,marydavis@nelson-lindsey.com,"73301 Edwin Port Suite 150
Lake Brian, GA 98683",New Donaldfurt,Lithuania,False
51,Allen,Smith,1789841078,robinsonrobert@yahoo.com,"66351 Angela Key
Christopherport, KS 69267",Rochabury,Netherlands,False
52,Kyle,Baker,2054913026,brittanyrodriguez@ho.com,"495 Misty Branch Apt. 154
New Ashleytown, NY 36586",Brandifurt,Panama,False
53,Ronald,Jones,1474450199,vmiller@yahoo.com,"39961 Lisa Light Apt. 365
East Keithview, VA 07798",South Johnmouth,South Georgia And The South Sandwich Islands,True
54,Casey,Garner,2109298266,dellis@york.info,"11725 Stacy Pines
Wrightberg, ID 17921",Albertmouth,East Timor,True
55,Monica,Mejia,1852305917,glassderrick@flynn.com,"595 Fry Lakes Apt. 864
South Craigton, CT 93543",West Jasonland,Somalia,False
56,Michelle,Gonzales,1335372889,chelsea76@gmail.com,"043 Rodriguez Club Suite 916
Gabriellaburgh, NY 10266",Nicholasview,Antarctica,False
57,Kristen,Henry,1560446599,vazquezcynthia@aguirre-garza.com,"005 Joshua Mission
Gregoryview, MA 93404",Russellhaven,Bulgaria,False
58,Gregory,Hernandez,1376939295,xwright@jones-hernandez.com,"0303 Rodgers Roads Apt. 713
Port Victoriafurt, OK 81721",North Stacyshire,Mauritania,False
59,Kenneth,Stewart,1260164889,lisa89@yahoo.com,"0998 Timothy Ferry
Lake Amandafurt, NY 87472",Carrburgh,Zambia,True
60,Carrie,Harris,1412661101,xdiaz@hotmail.com,"Unit 0233 Box 3653
DPO AE 76355",South Nicolasmouth,Guatemala,True
61,Paul,Nguyen,1440064465,arellanoteresa@gmail.com,"07463 Robinson Mountains
Cookhaven, ND 73912",North Donna,New Zealand,True
62,Angela,Ferguson,2036491502,robertthompson@yahoo.com,"08896 Coleman Village
Jacobborough, NY 53456",New Leon,Gibraltar,False
63,Carlos,Shelton,1206796697,larasandy@gmail.com,"891 Amy Corner Suite 642
Reyesville, CT 76707",Millermouth,Ireland,False
64,Jesse,Fitzpatrick,1240485691,peter28@hunt.com,"14826 Katherine Stream Apt. 529
Port Elizabethmouth, ME 37979",North Kristi,Tajikistan,False
65,Jennifer,Watts,1895012867,sguerrero@hotmail.com,"6754 Clay Roads Suite 778
West Sophiafort, WY 45714",Burkebury,Vanuatu,True
66,Christopher,Barr,1536662739,orozcowilliam@gmail.com,"66413 Alice Flat Apt. 182
East April, NJ 56604",Charlesburgh,Indonesia,False
67,April,Elliott,1387416976,nicholascastillo@yahoo.com,"USS Allen
FPO AE 46511",Fryberg,Greece,True
68,Jessica,Brown,1989672758,daniel12@hotmail.com,"54294 Shari Ridges
Martinton, MD 01958",New Jeremyville,Seychelles,True
69,Joel,Small,1696113072,emma24@mckee.com,"19265 Rodney Corners
Smithton, VT 95272",Garciaview,Ireland,False
70,Rebecca,Solis,1713434239,stephen82@foster.net,"0820 Linda Stream
Lake Cassidyport, AL 37647",South Jasontown,Indonesia,False
71,Johnathan,Holt,1346100899,mckeecrystal@parker.com,"178 Kimberly Mews
South Gregorybury, ND 89185",Jessicaside,Panama,False
72,Larry,Stevens,1871355451,jennifergrimes@mcdonald-ryan.org,"416 Angela Rest Suite 594
East Breanna, ND 48530",Meghanshire,Algeria,False
73,Michelle,Wolfe,1282227932,cheryl03@johnson-harris.biz,"6485 Kimberly Ranch
West Stevenbury, AL 50679",Millertown,Netherlands Antilles,False
74,Amber,Goodwin,1966883926,monicarojas@hotmail.com,"65948 Rodriguez Knoll
Lake Miguelburgh, OH 03020",Port Carolshire,Ethiopia,True
75,Michelle,Schultz,2106217245,kgarcia@yahoo.com,"2271 Lauren Burg
New Dean, AK 76780",Mccormickborough,Falkland Islands,True
76,Megan,Barker,1488260155,katherine57@yahoo.com,"8732 Cooper Viaduct Suite 145
New Amber, AR 91000",Bautistaville,India,True
77,Danielle,Ho,1921025127,joe53@yahoo.com,"3391 Jacob Mission
Hensleymouth, GA 57520",Port Heathermouth,Kazakstan,False
78,Mario,Stone,2037434171,deborah70@robinson.com,"96305 Crystal Fall Suite 256
Orozcoburgh, CO 40467",North Russellstad,Pakistan,False
79,Candice,Burch,1851292259,choffman@bennett-scott.com,"PSC 5145, Box 0802
APO AP 21269",Zacharyburgh,Saint Helena,False
80,Melody,Barker,1980896324,griffithwilliam@aguirre.org,"595 Werner Green Apt. 035
New Monique, NJ 17917",West Kimberlyhaven,Chad,False
81,Joshua,Gray,1585942922,tbeard@moore.org,"034 Kenneth Way
West Erinville, ND 60010",New Mark,New Zealand,True
82,Rachel,Silva,1787641398,smithchristina@dodson.com,"1180 Devin Harbors
Colemanbury, HI 95613",East Brookeland,Holy See (Vatican City State),False
83,Robert,Williams,1578635910,lesliecarlson@williams.com,"04202 Veronica Forges Apt. 087
West Susanton, MS 59763",South Bobbymouth,Rwanda,True
84,Emily,Rodriguez,1457219300,kristin13@gmail.com,"50477 Daniel Shoals Apt. 794
East Ericaview, CO 99781",Gentryborough,Albania,True
85,Chad,Ramos,1213907492,arnoldkurt@gay.biz,"52005 Cynthia Summit
East Stevenville, WA 47078",Meredithview,Greenland,False
86,Matthew,Stone,1875551919,hintonbreanna@hodges-brown.com,"5291 Thomas Crossroad Suite 507
Hughesbury, KY 65173",Angelaborough,Liechtenstein,False
87,Stephen,Bryant,1295917893,lynn18@hotmail.com,"48576 Palmer Row
New Isabellabury, TN 24815",Port Michael,France,False
88,Todd,Davidson,1607871073,sydneymckinney@gmail.com,"005 Duncan Spring
West Katherineland, ND 77729",Christopherberg,United States Minor Outlying Islands,True
89,Lori,Wood,1645918197,michaelschultz@yahoo.com,"018 Nathaniel Via Apt. 091
Port Andrew, UT 83317",West Shannonbury,Cameroon,False
90,Sean,Palmer,1510737868,cdelgado@turner-stewart.biz,"1603 Danielle Meadow Apt. 238
Figueroamouth, OK 42002",Carmenport,Portugal,False
91,Dustin,Bailey,1337286022,lindapetty@gmail.com,"7015 Amy Estates Apt. 775
Michaelberg, RI 24078",Alanburgh,Azerbaijan,False
92,Ronald,Livingston,1160140290,wilsonbonnie@silva.com,"676 Maurice Cape Suite 763
Lake Amy, TX 29473",Leeshire,Guatemala,True
93,Vincent,Garcia,1486973252,davidrice@campbell.com,"02305 Larry Springs
New Danamouth, TX 73897",South Johnbury,Belarus,True
94,Thomas,Franklin,1864590297,qwalker@hayes.com,"3833 Carpenter Dam Apt. 360
West Jenniferchester, TX 78282",New Ginashire,Sudan,False
95,Thomas,White,1912089577,rebeccalee@andrews.com,"95970 Amanda Creek Apt. 980
West Charlesview, AR 62591",South Hayleyview,Republic Of Moldova,False
96,Andrew,Hensley,1565424385,lnichols@stewart.com,"USCGC Wright
FPO AE 55428",South Adamside,Pakistan,False
97,Brian,Hernandez,1932338000,nwagner@gmail.com,"714 Richard Radial
Riosport, HI 69637",New Jasonchester,Palau,False
98,Felicia,Zavala,1864685736,davidwalker@walsh.com,"Unit 8176 Box 6789
DPO AE 40614",Jamesside,Andorra,True
99,Adam,Ware,1290578457,justinortiz@hotmail.com,"8342 Johnson Viaduct Suite 887
Lake Aaronstad, VT 59257",West Scottchester,Burundi,False
100,Andrew,Hernandez,1888964048,donnapearson@gmail.com,"871 Autumn Village
South Nicole, MA 88697",North Donaldchester,Kiribati,True
101,Victor,Martin,1793510164,jasoncalderon@lester.info,"3703 Osborne Manors Suite 040
East Debbie, NC 41494",Roseview,French Southern Territories,False
102,George,Whitehead,2014255330,angela56@collins.biz,"3353 Kelly Fork Apt. 530
Martinside, GA 94795",Matthewport,Finland,False
103,Teresa,Roberts,1944419585,annbarber@fisher.com,"1615 Thomas Keys Apt. 303
West Andrealand, LA 31515",Watsonside,United States Minor Outlying Islands,True
104,Mary,Gillespie,1423495536,nancy01@gmail.com,"Unit 1644 Box 0083
DPO AP 88706",Lake Jamesmouth,Palestinian Territory,True
105,Michael,Knapp,1535787404,kingamy@yahoo.com,"49466 Graham Shores
Mooreland, CT 65144",Josephbury,Comoros,True
106,Justin,Pierce,1945004928,emilylawson@esparza.com,"984 Adams Meadows Apt. 107
Teresachester, OK 05674",Danielhaven,United Arab Emirates,True
107,John,Fisher,1922613884,rwalton@yahoo.com,"712 Cooley Field Apt. 989
East Kelsey, SD 12995",South William,Madagascar,False
108,Martha,Moss,2012752397,emmawhite@miller.com,"23146 Randy Heights
West Davidville, ME 62164",East Lynn,Pitcairn,False
109,Beth,Kelly,1957351839,upatel@anderson-williamson.com,"7287 Caitlin Road Suite 313
Lake Claytonchester, AZ 13262",Sergiohaven,Jamaica,True
110,Dan,Riddle,1259782801,wernerkimberly@gmail.com,"77427 James Route Apt. 944
New Patrick, SC 89057",Ruizchester,Austria,True
111,Ashley,Stanley,1449770710,patricia36@yahoo.com,"8263 Kimberly Drive
Erinport, MD 47958",Heathhaven,Yemen,False
112,Connie,Rivera,1538778040,jrobertson@cooper-jones.com,"52934 Kevin Harbors Suite 796
Rodriguezstad, CO 36272",New Christopher,San Marino,True
113,Travis,Butler,1366197836,joannefernandez@lin.info,"9718 Henry Road Suite 215
West Rachelstad, OH 48717",Christinaborough,Kuwait,True
114,Taylor,Gonzalez,1307382394,michelefields@hotmail.com,"45203 Powell Center Apt. 198
Lake Jenna, NC 05381",North Patricia,Mauritius,False
115,Randall,Ramirez,1289594770,hcrawford@gmail.com,"Unit 9616 Box 2799
DPO AA 50216",Josephberg,Norway,False
116,Monica,Higgins,1431019555,mbrown@gmail.com,"88626 Steele Extensions
West Emilymouth, NJ 23613",Johnsonmouth,Hungary,True
117,Kimberly,Dean,1483891985,ymiller@gmail.com,"052 Mckenzie Ports
New Tracyborough, MI 66537",Curtischester,Madagascar,False
118,John,Jackson,1275289550,fjackson@allen.com,"87746 Joseph Squares
North Jeremiah, MO 60316",Torresville,Saint Pierre And Miquelon,False
119,Christopher,Freeman,1394460741,ugreen@cannon-houston.com,"USNS Moore
FPO AA 14650",Fordbury,Morocco,True
120,Julie,Stanley,1708665880,grobinson@green-chapman.com,"0067 Kimberly Ways
Darrenton, CA 79932",Lake Jesseside,Luxembourg,True
121,Brianna,Terrell,1629406979,katie19@logan.com,"67236 Gray Plain Apt. 833
Derekfort, MO 64121",South William,Peru,False
122,Dylan,Castillo,1752046566,rebecca10@terry.com,"PSC 7559, Box 9624
APO AE 43041",West Wanda,Sierra Leone,True
123,Megan,Pearson,1507069716,justinmartinez@roberts.org,"USNS Smith
FPO AP 28794",Angelaview,Iceland,False
124,Miguel,Smith,1225521952,mharmon@hotmail.com,"383 Meadows Court Suite 203
West Dylanchester, TN 39343",Melissaborough,Liberia,False
125,Ashley,Adams,1317184396,davidvaughn@conley.com,"0420 Mary Skyway Apt. 242
Courtneytown, OH 49419",Ryanberg,Anguilla,True
126,Christina,Bowman,1924081030,kristina54@jones.info,"1887 Jessica Mountain Apt. 602
Bishopchester, WI 89704",Kimborough,Liberia,False
127,Shawn,Robinson,1119949862,rowens@yahoo.com,"099 Stacy Junctions Suite 048
Juliefort, NV 80875",Cochranchester,Finland,False
128,Nicole,Nicholson,1487464898,sgarcia@gmail.com,"Unit 2984 Box 6754
DPO AP 51233",New Harry,Aruba,True
129,Mary,Johnson,1432580132,jamesevans@white.com,"27294 Brooks Viaduct
West Mike, MS 26345",Lake Justinfurt,Macau,False
130,Darrell,Miller,1858267914,zcook@chavez.org,"49600 Karen Mill Suite 189
West Emmatown, HI 42994",Timothyland,Dominican Republic,False
131,Troy,Rivera,1471378713,jessica07@yahoo.com,"2548 Brandy Road
Walkerland, HI 72145",Lake Jessica,Spain,True
132,Brad,Barajas,1715279705,whiteregina@parker.com,"15275 Lauren Trail
Birdhaven, AR 50862",Allisonport,Uganda,True
133,Michelle,Ochoa,1695598674,caitlin69@rich.org,"4432 Jennifer Burgs Suite 549
Jenniferville, IA 28554",North Brian,Saint Helena,False
134,Edward,Lewis,1885412021,russellshannon@yahoo.com,"5574 Barber Stravenue
North Caroline, OR 57346",Adamburgh,Burundi,False
135,Christopher,Copeland,1848128535,xneal@rice.biz,"7748 Grant Lodge Suite 958
Andreaburgh, SC 70692",West Seanchester,Republic Of Moldova,False
136,Alyssa,Kim,1626408386,justin11@gmail.com,"489 Daniel Wall Suite 123
North Barbaraland, MN 82529",Jonathanton,El Salvador,False
137,James,Phillips,1674156825,nwest@garcia-allen.biz,"6976 Buchanan Vista Apt. 395
Jesseview, IA 83276",West Michealville,Nepal,False
138,Lisa,Le,1903106515,jennifermurphy@phillips.info,"2112 Brittany Cape Suite 716
South Sarahmouth, PA 25724",East Stacy,Iran,True
139,Brianna,Copeland,1746594951,jordanpamela@ortiz-lopez.com,"107 White Vista Apt. 922
Port Alexis, DC 87914",North Dianabury,American Samoa,True
140,Kayla,Cook,1996347690,qbradley@rivera.org,"3216 Martinez Shores Suite 692
Goodmanside, MN 01337",Caitlinland,Bouvet Island,False
141,Joseph,Richardson,1324584113,davismatthew@gmail.com,"21387 Arnold Road Suite 399
Nicholasmouth, TX 93084",Darleneburgh,Federated States Of Micronesia,True
142,Whitney,Thompson,1680579410,mariechavez@yahoo.com,"97702 Sanchez Ramp
Tylerbury, RI 18478",Dillonstad,United Kingdom,True
143,Stephen,Richardson,1433386874,duanestephens@wilson.biz,"559 Duncan Trail Suite 613
Thomasburgh, WA 21634",North Tyler,Malaysia,True
144,Timothy,Scott,1639206250,manueljohnson@lyons-smith.biz,"287 Jennifer Port
Davismouth, WY 67760",Tinamouth,Belarus,True
145,Kaitlyn,Perez,1970260364,cesarnguyen@kim.com,"Unit 5856 Box 7349
DPO AA 88571",Foxport,United States Minor Outlying Islands,True
146,Christopher,Walker,1209390720,cardenasamy@yahoo.com,"01291 Daniel Glen Suite 237
Jamesfurt, AZ 75616",Port Desireeborough,Latvia,True
147,Shirley,Byrd,1634491430,yhall@lucas-evans.com,"89708 Hernandez Harbor Suite 448
Port Latoyabury, AZ 47226",Schneidermouth,Vietnam,True
148,Brittany,Scott,1419532661,johnsonlaura@gmail.com,"55176 Michelle View Suite 847
Gutierrezville, LA 66665",Delgadochester,Tunisia,False
149,Robert,Williams,1874798124,sfrazier@sanchez-sanchez.info,"801 Heather Loaf Apt. 064
Whiteside, WV 38897",Davidhaven,Uganda,True
150,Robert,Thornton,1962727824,cooperann@gmail.com,"PSC 1971, Box 9696
APO AA 87425",Lake Michael,Algeria,False
151,Lucas,Brown,1436105951,frances82@hotmail.com,"32348 Emily Knoll
Orozcofort, PA 24942",New James,Bulgaria,False
152,Christina,Jones,1158615163,tiffany67@walker.info,"0531 Sydney Stream Suite 139
Howellfurt, WY 55807",Newtonchester,Mauritius,False
153,Jamie,Smith,2054954004,istark@taylor.com,"37624 Brian Haven Suite 843
Kellyshire, PA 33519",Port Michael,United States Minor Outlying Islands,True
154,Matthew,Woodard,1403125055,donna27@ferguson.net,"92148 Ashley Center Suite 560
Zunigamouth, CA 18307",Johnsonberg,Chad,False
155,Evelyn,Lutz,1300462281,brownalfred@gmail.com,"5423 David Bypass
Johnsonburgh, NH 40535",New Matthew,Guinea-bissau,False
156,Kyle,Friedman,1221697220,brownpamela@gmail.com,"22540 Ruiz Court
Gonzalezmouth, IA 75371",Collinsfort,Italy,True
157,Tina,Macdonald,1367916875,mooneyamanda@gonzalez.info,"74192 Wilson Underpass
Mccartyton, AL 15322",Lake Jamesport,Kenya,True
158,Natalie,Carter,2095416665,kkelly@chavez-johnson.com,"8970 Crawford Ridges
New Kimberlytown, NH 60060",Port Jeffhaven,Panama,False
159,Rebecca,Berry,1151677884,gregory77@arnold.com,"417 Samantha Fields Apt. 970
Joshuaville, IA 65871",West April,Lesotho,True
160,Melissa,Spencer,1406828547,ivalenzuela@williams.org,"2237 Dixon Hollow
Port Elizabethfurt, NC 83986",South Curtis,Argentina,True
161,Danielle,Ortega,1389762117,davismelissa@west-robertson.biz,"4292 Amy Place
Timothyside, MN 43813",Nolantown,Israel,True
162,Ronald,Fuller,1712457847,xgarcia@delacruz.com,"89655 Jacob Village
Patriciastad, CT 55895",East Robert,China,True
163,Micheal,Wiggins,1910674440,hendrixkendra@yahoo.com,"93483 Susan Mission
East Anthony, KS 72720",Pierceview,Costa Rica,True
164,John,Morgan,1498871120,david25@smith.com,"23499 Dan Creek Apt. 122
Jessicaland, NE 01028",South Evelyn,Bangladesh,False
165,Brian,Wheeler,1201738952,jacobcannon@yahoo.com,"5313 Garcia Shoals
Lake Matthewtown, OH 77951",West Ethan,Namibia,False
166,Alexander,Rivas,1998017342,jjacobs@hotmail.com,"4006 Thomas Land
West Crystalville, OK 29267",New Mary,Namibia,False
167,Alec,Gilbert,1348989073,djuarez@hotmail.com,"739 Jessica Island
Carpentershire, MN 95698",Mitchellmouth,United Kingdom,True
168,Rodney,Dyer,1941460236,lballard@hotmail.com,"62200 Timothy Lodge
Baxterchester, GA 80071",East Richardville,Czech Republic,False
169,Sheryl,Higgins,1691746884,irice@castro.com,"72911 Robert Street Suite 370
Morrowburgh, CT 16423",Garciaburgh,Christmas Island,False
170,James,Olson,1557559586,ashley69@gmail.com,"1824 Gray Plaza Apt. 672
Lake Jack, ND 53129",South Paulaport,Bermuda,False
171,Courtney,Bell,1792511171,garzawanda@yahoo.com,"66711 Morales Oval Suite 195
Zhangport, MS 90312",Port Kaitlynmouth,Cambodia,True
172,Roy,Maddox,2032927821,hannah59@hotmail.com,"67269 Delgado Stream
Matthewland, VT 89775",Lake Linda,Barbados,True
173,Rebecca,Wallace,1513068486,jeffrey77@hotmail.com,"896 Juarez Dam
Kelseyport, TX 98423",New Meghan,Tunisia,False
174,William,Mosley,1414544996,amandalopez@preston-baker.org,"87587 Hill Rest Apt. 919
Garymouth, FL 85400",Durantown,Slovakia,True
175,Jodi,Haas,2063418524,garrett51@peters-wilson.com,"68417 Michael Street Apt. 679
Youngview, WA 09107",Port Shawn,Svalbard And Jan Mayen,True
176,Allison,Johnson,1814474226,andreariley@gmail.com,"0811 Douglas Fort
Kaisermouth, AL 77812",North Emilyland,Guinea,False
177,Maria,Pierce,1858278765,hernandezpatricia@ashley.com,"72021 Marcus Pike Apt. 193
South Cathy, NV 48889",Port Gregoryfort,Sierra Leone,True
178,Tiffany,Ryan,1409534319,criley@williamson.com,"USNS Torres
FPO AA 92210",North Kevinport,Tokelau,True
179,Christopher,Johnson,1737650812,christopherthomas@gmail.com,"7154 Freeman Ports
Garymouth, VT 15002",Port Ryan,Armenia,False
180,Tasha,Ryan,2007936004,rebecca47@williams-jones.org,"3362 Greene Lake Suite 385
Bradyberg, IA 94618",Seanstad,Democratic People's Republic of Korea,False
181,Valerie,Bradley,1286273216,hodgesrichard@weaver.org,"13302 Jeffrey Summit
Leontown, NH 81123",Walshstad,New Caledonia,False
182,Natalie,Miller,1904334263,hansenjanet@hotmail.com,"334 Andrew Islands Suite 344
Jacobchester, NJ 89244",Christophertown,Norfolk Island,True
183,Amanda,Williams,1782031562,jennifer13@hotmail.com,"73903 Chelsea Groves Apt. 228
Jenkinsfort, DC 91638",South Adam,Republic Of Moldova,False
184,Haley,Miller,1199014820,kbrooks@yahoo.com,"8044 Peter Isle
South Monicabury, GA 79664",Delacruzfort,Greenland,False
185,James,Small,1665972170,jamesmiller@wilson.com,"475 Lowery Village
Davisstad, ND 78107",East Martha,Burundi,False
186,Rachel,Harris,1902338518,richardvargas@ferrell.com,"84042 Nicole Canyon
Martinchester, CA 07603",North Nicholas,Republic Of Moldova,False
187,Richard,Rodriguez,2107398840,mbennett@gmail.com,"3685 Hood Way Apt. 283
West Kimberly, NJ 70012",Port Christinatown,Mauritius,False
188,James,Ray,2024293876,fhoover@gmail.com,"309 Wendy Port Apt. 921
Andrewview, CO 85396",Willisburgh,Pakistan,False
189,Kimberly,Terry,1294942493,melissagarrett@moore.net,"PSC 2096, Box 2093
APO AP 92916",Lake Clinton,Pakistan,False
190,Mary,Huff,1366653176,mary57@roberts.com,"USNS Parks
FPO AA 36243",West Laurenside,Sudan,False
191,Mary,Larson,1180284386,kaisersamantha@jones.com,"7774 Williams Drive
New Steven, GA 26554",Washingtonmouth,Saint Pierre And Miquelon,False
192,Zachary,Chase,1138917762,austinchad@hendricks.com,"9794 Watts Vista Suite 383
Osbornberg, MN 48992",South Aaronfurt,Somalia,False
193,George,Delgado,1783554718,danielrose@hotmail.com,"PSC 4620, Box 5109
APO AA 75245",South Paulshire,Israel,True
194,Shane,Howe,1767392966,msanford@mcgrath.info,"86266 Pham Creek Apt. 098
West Lesliemouth, HI 40044",Turnershire,Myanmar,True
195,Vincent,Evans,1129898973,kbryant@warren.biz,"50229 Brown Gateway Apt. 540
South Stevenville, VA 65876",Lake Rachel,Gibraltar,False
196,Tammy,Crawford,1327237992,samuel73@gmail.com,"359 Combs Wall
Juarezport, NV 18464",North Marciaberg,Azerbaijan,False
197,Patrick,Hayes,1200124927,avilamatthew@arroyo.com,"33791 Kim Dale Suite 377
Reneeberg, MI 26110",South Sharonchester,Guinea-bissau,False
198,Amy,Martinez,1428605078,vbridges@yahoo.com,"1629 James Points
West John, ME 64881",Mcdonaldfort,Luxembourg,True
199,Cynthia,Jefferson,1733358923,williamsjody@johnson.com,"799 Charlene Crossing Apt. 057
New Jamesburgh, NV 76634",Kiddburgh,Belarus,True
200,Roy,Sullivan,1718982264,garciaheidi@gmail.com,"810 Cunningham Station Suite 170
Mclaughlinbury, NC 87943",South Jonathanborough,China,True
201,Thomas,Clark,1217059915,baileyneil@hotmail.com,"2799 Smith Isle Apt. 333
Mooreton, OK 51336",Rogersmouth,Brazil,False
202,Noah,Brown,2047183634,georgedebra@jones.com,"8072 Willie Ford Apt. 880
Lake Seanshire, WV 10591",Brookeburgh,United States of America,True
203,Carla,Molina,1723792281,jpope@yahoo.com,"871 Roberts Estate Suite 691
New Robertchester, NH 19881",Lake Melissa,Luxembourg,True
204,Amanda,Jones,1321081423,jmoore@hotmail.com,"50144 Hill Causeway
West Angelashire, OH 93660",West Jessicaview,Singapore,False
205,Michael,Robbins,1981157122,hknapp@gmail.com,"7096 Jenkins Isle
Taylormouth, OK 27941",Mckinneymouth,Palestinian Territory,True
206,Andrea,Curry,1173778188,timothycervantes@rodriguez-pena.com,"981 Kirby Shoals
Jerryborough, MA 11487",Vincentmouth,Afghanistan,False
207,Kimberly,Larsen,1694777688,mark24@yahoo.com,"0777 Ortiz Locks Suite 422
East Edwardburgh, TX 34226",Mariafurt,Montenegro,False
208,Brent,Trujillo,1596763049,kathywright@russell.com,"19431 Victoria Mountain Suite 880
Kochhaven, TX 55938",Valdezchester,Italy,True
209,Danny,Jordan,1842431428,kcline@washington.net,"69347 Wolf Wall Suite 116
Herrerabury, MT 97619",South Henry,Nigeria,False
210,Barbara,Williams,2060459253,sford@gmail.com,"802 Richard Keys
West Donnaville, MS 22492",Sarahaven,Namibia,False
211,Laura,Serrano,1805235253,angela39@hotmail.com,"PSC 0214, Box 4238
APO AP 86349",Lake Michaelhaven,Morocco,True
212,Sheila,Ferguson,1964620352,ellistracy@yahoo.com,"265 David Knoll
Craigton, MS 63242",Floresbury,South Georgia And The South Sandwich Islands,True
213,Gary,Lewis,1248853133,rushsamantha@gmail.com,"90334 Aaron Turnpike Suite 733
Port Jesustown, MO 09360",West Michelleberg,Brazil,False
214,Christopher,Fisher,1770268454,xrodriguez@yahoo.com,"086 Daniel Valleys Apt. 861
Gloriatown, IA 85533",Beanville,Cocos (Keeling) Islands,False
215,Linda,Klein,1284085862,andersonpatrick@hotmail.com,"509 Mckinney Radial Apt. 862
West Amber, ND 14918",South Rebecca,Sao Tome And Principe,True
216,Charles,Smith,1438461645,nathanrodriguez@hotmail.com,"533 Arroyo Junctions
North Theresa, NJ 57839",Malonemouth,Burkina Faso,False
217,Sandra,Kane,1525411627,trandenise@gmail.com,"1415 Austin Heights
New Terrichester, IA 48240",South Gilbert,Greenland,False
218,Karen,Duffy,1682437128,wardmelissa@hotmail.com,"USS Walker
FPO AP 18146",South Matthewfurt,Tokelau,True
219,Jonathon,Williams,1196110325,simmonsgregg@hotmail.com,"4683 Cooper Ferry
New Jackburgh, ND 40528",South Sarahmouth,Thailand,False
220,Morgan,Obrien,2032344570,james55@harper-davis.com,"418 Abigail Ford
Dawsonland, ME 25561",Paulstad,Holy See (Vatican City State),False
221,Kevin,Morgan,1458150319,murphyteresa@contreras.info,"0763 Bryan Glen
West Karen, SD 22008",Bonnieburgh,Ecuador,False
222,Craig,Brady,1973696938,tlarson@anderson-walls.com,"6371 Brown Isle Apt. 221
Darrenfurt, WA 62211",East Kathrynmouth,Finland,False
223,Makayla,Williams,1876834092,caldwelljames@armstrong.com,"869 Lori Freeway Suite 481
Oliverside, CO 26039",North Isaiahstad,Sri Lanka,True
224,Jordan,Ellis,1803097569,fschwartz@hotmail.com,"14035 Joseph Spur Apt. 789
Nicoleshire, ME 63915",West Brianville,Thailand,False
225,Joseph,Pittman,2074922720,jennifersingh@hotmail.com,"18411 Neal Street
West Gregory, MS 31384",Johnsonmouth,French Polynesia,True
226,Matthew,Hill,1135350468,johnlee@hampton.org,"36064 Blackwell Drive
Lake Rachel, KS 71561",Jorgeburgh,Brunei Darussalam,False
227,Kristen,Thompson,1976104546,brittanymcdowell@copeland-bray.com,"6120 Mary Meadows Suite 437
Port Tracy, DC 45220",New Sierrafurt,Estonia,False
228,Chad,Lynn,1933710214,cheyenne89@yahoo.com,"25008 David Loop
Richardsonshire, HI 79425",Schroederview,Namibia,False
229,Earl,Hurley,2080287266,nruiz@yahoo.com,"749 Miles Lake Apt. 213
Port Kevinfort, CT 94683",New Alisonborough,San Marino,True
230,Pamela,Bird,1587899641,jeremysanchez@baker.com,"Unit 2480 Box 8072
DPO AA 57274",Smithstad,El Salvador,False
231,Carrie,Pacheco,1338591013,hannahpatterson@yahoo.com,"210 Thompson Lock
North Moniquechester, HI 30913",Davidbury,Ecuador,False
232,Dana,Collier,1708190980,nclark@brewer.com,"032 April Lakes Suite 944
West Jennifer, GA 20926",Scottbury,Bulgaria,False
233,Justin,Gonzalez,1539618312,rodneyrussell@hotmail.com,"6334 David Plaza Suite 473
Christineport, NY 19063",West Charlesberg,Tuvalu,True
234,Timothy,Walsh,2008432134,danielgarrett@evans.com,"3018 Angie Mission
Jenniferside, CO 69787",West Samuelfurt,Wallis And Futuna,True
235,Jerome,Barnett,2018173211,boonemelissa@hotmail.com,"0032 Lopez Knoll Apt. 548
South Josephmouth, MD 38462",Meganburgh,Taiwan,True
236,Matthew,Sims,2029139721,dscott@yahoo.com,"82129 Ray Summit
Lake Erikmouth, KY 04657",East Alexandermouth,Marshall Islands,True
237,Samantha,Lin,1540427431,andrewglover@hotmail.com,"45267 Ryan Pike
Kayleeburgh, NY 68745",Lake Michaelmouth,Tonga,True
238,Melissa,Melendez,1484163179,ztucker@yahoo.com,"3650 Sarah Lock Suite 253
New Lisa, DE 97823",Petersonburgh,New Zealand,True
239,Kristen,Perry,1322075924,johnathanblankenship@lozano-valenzuela.com,"5238 Kelly Hill Apt. 037
Nelsonmouth, CA 66082",Mooreburgh,Bermuda,False
240,Jeffrey,Johnson,1866115788,csummers@hotmail.com,"631 James Harbor Suite 854
South Jillmouth, NE 63543",Castillomouth,Iran,True
241,Cynthia,Frank,1376436731,lauren28@nelson.com,"83186 Edward Hills Apt. 315
Erikaport, OH 58456",Garybury,Wallis And Futuna,True
242,Lorraine,Allen,1397207405,martinpoole@gmail.com,"38428 Torres Rue Apt. 619
Yorkstad, SD 76613",Michaelview,Taiwan,True
243,Kristina,White,1889616622,richard75@gmail.com,"23515 Bautista Estate
Davidmouth, CO 27141",West Cheryl,Tuvalu,True
244,Alexander,Osborn,1544305476,tony21@yahoo.com,"Unit 8639 Box 1046
DPO AA 82478",New Grace,Australia,True
245,David,Washington,1984427856,browntheodore@summers.com,"4383 Donna Ways
North Ericland, NH 62826",New Lindsey,Benin,True
246,Cynthia,Thomas,1967569837,edward67@gmail.com,"96772 Johnston Pine
Lake Brendanview, NJ 22740",East Stacy,Belgium,False
247,Elizabeth,Perez,1178798425,scottjoseph@yahoo.com,"8200 Edwards Flat Apt. 222
New Gregoryberg, KS 85117",Jonesshire,Antigua And Barbuda,False
248,Meghan,Johnson,1548264475,hesssamantha@hotmail.com,"25764 Nelson Ridges
Dawsonfort, WA 94218",Alexandraside,Saint Kitts And Nevis,False
249,Toni,Taylor,1977084784,gutierrezbryan@yahoo.com,"9119 Amanda Key
Lake Andrew, MD 81947",Anthonyborough,Jordan,False
250,David,Cruz,1695837975,weberdaniel@nguyen.org,"362 Phillips Lakes
New Mark, NJ 52761",Lawrenceborough,Burkina Faso,False
251,Peter,Robinson,1166240331,monica06@glenn-ellis.com,"PSC 6616, Box 8563
APO AP 41809",Lake Erikachester,Iran,True
252,Leah,James,1945747301,brittanyharrison@kerr.biz,"40639 Adkins Brooks
Rachelfurt, ID 69952",South Feliciahaven,Romania,False
253,Thomas,Maxwell,1137803547,lkramer@marshall.com,"1758 Stanton Trail Apt. 252
West Billyberg, IL 86341",Emilyland,Belize,False
254,Shelby,Torres,1603551672,john23@walker.org,"5497 Wilson Road Suite 043
Martinezfort, SD 72392",Howardport,Libyan Arab Jamahiriya,False
255,Amy,Watkins,1582630208,jonesrobert@yahoo.com,"269 Hansen Vista
Cameronville, WI 68911",North Andrea,Australia,True
256,Stephen,Powell,1431987938,shawnburgess@garcia.com,"263 Navarro Fields
Watersbury, IN 56255",Stephenfort,Saudi Arabia,False
257,Jonathan,Jones,1777594938,garciadavid@thomas.com,"7335 Beth Skyway Apt. 029
East Joshua, NJ 88391",Weaverfort,Azerbaijan,False
258,Kayla,Alvarez,1607029016,ruizryan@yahoo.com,"98254 Wade Courts Suite 853
Port Peterberg, TX 32693",Jeffreytown,Monaco,True
259,Sandra,Prince,1991117540,ellisabigail@gmail.com,"7854 Derek Alley
Johnside, IL 86649",Fergusonborough,Mali,False
260,Donna,Contreras,1829531186,christineholder@buck-sanchez.com,"06392 Crawford Dam Suite 266
Katherinehaven, AR 09685",North Marieland,Greenland,False
261,Lindsay,Young,1910093483,williamsdustin@yahoo.com,"6787 Wilson Radial
Jesusstad, MD 37128",Moorefort,Hong Kong,False
262,Stacy,Rhodes,1299749014,william06@leon.org,"90411 Joe Vista Apt. 445
North Phyllis, IN 60485",Port Timothyshire,Federated States Of Micronesia,True
263,Kelly,Edwards,2085569749,catherineglenn@gmail.com,"82457 Dylan Street
Watersland, GA 43522",East Darrell,Zimbabwe ,False
264,Joanna,Huff,2049621435,mbarnes@matthews.com,"2528 Holland Parkway Apt. 829
North Amanda, FL 81312",Martinshire,Armenia,False
265,Christina,Reid,1737273770,stephenharris@green.com,"PSC 4947, Box 6448
APO AP 58601",North Robertmouth,Holy See (Vatican City State),False
266,Christopher,Coleman,1687063392,matthew05@mason.com,"10462 Thompson Glen Apt. 391
South Rodney, MS 52210",Hernandezville,Syrian Arab Republic,True
267,Danielle,Munoz,1410405548,greenpatricia@taylor-michael.com,"8031 White Field
Jensenton, WV 52987",Alexandriaview,Bosnia And Herzegovina,False
268,Richard,Walker,1590117189,michaelahutchinson@hotmail.com,"1763 Amanda Junction
Davidport, OR 70403",South Patriciamouth,Guadeloupe,True
269,Charles,Ho,1729520361,katieyu@yahoo.com,"35267 Kim Via Apt. 040
Annton, ND 35782",Youngmouth,Colombia,True
270,Jonathan,Rivera,2047844794,johnshaffer@cabrera.com,"9345 Michael Turnpike
East Lauren, KY 08316",South Jamie,Bouvet Island,False
271,Michael,Smith,1143266668,anthony68@osborn.com,"Unit 3140 Box 8409
DPO AA 09490",East Levifurt,Nauru,True
272,Stephanie,Erickson,1411533184,courtney57@thompson.biz,"85389 Erickson Gardens
South Susan, MA 87125",Bowmanland,Nicaragua,False
273,Willie,Brandt,1605590252,raymondharrison@hotmail.com,"17469 Debra Summit Suite 938
Lake Laura, MT 96726",Nashtown,Svalbard And Jan Mayen,True
274,Michelle,Williams,1411421502,hscott@howard.com,"5355 Janet Motorway Apt. 518
Mcconnellstad, MS 44331",New Rebecca,Latvia,True
275,Eric,Perry,1482470214,summergallagher@wagner.com,"63641 Lisa Underpass Apt. 200
Lake Dakotaside, MN 17264",South Kennethtown,Switzerland,False
276,Teresa,Mason,1337344477,wilsonalyssa@gmail.com,"7536 Hernandez Burgs
Jermaineview, CA 02235",South John,Faroe Islands,False
277,Nicole,Lewis,1872518118,ggreene@kemp.biz,"42849 Angela Shoal
Ericachester, DE 83051",West Rebecca,Ethiopia,True
278,Samuel,Mccarthy,1192248998,houstonmichelle@gmail.com,"640 Juan Course Suite 390
Priceside, MA 03852",Samuelbury,Burkina Faso,False
279,Roy,Keith,1951512741,jhampton@roberson.net,"616 Eric Curve Suite 813
South Paul, TN 61867",North Michaelside,Puerto Rico,True
280,Andrew,Campos,1725703616,nathan22@gmail.com,"547 Victor Falls Apt. 717
Lopezland, WI 85362",Lake Williamview,Cambodia,True
281,George,Scott,1698584770,vmartin@kim.net,"827 Madison Trafficway
Matthewburgh, CA 60087",Emilyfurt,Saudi Arabia,False
282,Chris,Andrews,1958821518,crystalwarren@gmail.com,"58985 Jennifer Plain Apt. 772
Valdezhaven, MI 60636",New Caitlinborough,Saudi Arabia,False
283,Jennifer,Hunt,1856180847,paulcandace@parker.info,"1947 Brock Greens Apt. 677
Robertport, IN 04396",New Thomasbury,Qatar,False
284,Bryan,Freeman,1388381768,marcusedwards@curtis.biz,"489 Wesley Springs Apt. 410
Port Ryanfort, PA 11268",Johnview,Samoa,False
285,Jason,Atkinson,2057377818,ismith@richards.info,"010 Tamara Squares Suite 424
Amandaton, AZ 40443",Leeberg,Holy See (Vatican City State),False
286,Terry,Fields,1714978007,kimberlymccoy@gmail.com,"6483 Liu Cape Apt. 479
South Kimberly, NC 12540",South Regina,Russian Federation,True
287,Steven,King,1715338358,tiffanywilliams@gmail.com,"83873 Riggs Courts
Eduardoland, CT 02421",North Matthew,The Republic of South Korea,True
288,Johnny,Burton,1894919559,peggyfox@armstrong-hogan.com,"2231 Orozco Village
South Abigail, DC 39328",Aprilchester,Oman,False
289,Jared,Carter,2087169084,malloryjames@joseph.com,"USNV Simpson
FPO AA 97024",Klineport,Turks And Caicos Islands,True
290,Juan,Mckenzie,1747147156,melissaknox@yahoo.com,"4451 Ward Glen
Davidmouth, ND 07843",Alexanderstad,New Zealand,True
291,Gregory,Yates,1458358777,wmurphy@yahoo.com,"4167 Angela Point Apt. 388
South Kristen, ID 84339",Jenniferside,Norfolk Island,True
292,Mary,Jones,1807941842,stephanieduke@gmail.com,"239 Richard Crest Apt. 737
Yolandaberg, MT 04327",Averyfort,Paraguay,True
293,Carol,Casey,1585459020,jamieandrews@gmail.com,"23527 Alexander Ramp Apt. 420
Davidview, RI 59960",New Jessica,Barbados,True
294,Patrick,Roach,1384864647,scottmartinez@hotmail.com,"22895 Mckinney Crescent
New Adam, KY 86201",Holtstad,Nigeria,False
295,Donald,White,2077092009,nparker@gmail.com,"7197 Scott Flats Suite 500
North Christopher, GA 54566",East John,Macedonia,False
296,Stacey,Davis,1667112962,vle@ray.biz,"654 Robert Ridges Suite 717
Adkinschester, NC 90572",Ashleyside,Mexico,True
297,Kristina,Cunningham,1567335783,mossanthony@soto.com,"668 Elliott Stream
Justinfurt, MN 62006",Joneschester,Burkina Faso,False
298,Samantha,Salazar,1872444329,lhall@gmail.com,"844 Ayers Rapids Suite 339
Lake Sarahport, VA 46372",West Justinshire,Zimbabwe ,False
299,Shawn,Miller,1112747135,justin54@yahoo.com,"3834 Stout Prairie Suite 570
Watkinsport, KY 27354",Crystalville,Central African Republic,False
300,Lisa,Curry,1446103493,hthomas@crawford.com,"656 Fry Square Apt. 205
Hudsonbury, SC 12842",Lake Cassidy,Puerto Rico,True
301,Darrell,Yates,1948505067,cookkatherine@gmail.com,"45478 Gentry Radial
Baileyport, IN 88501",Robinsonville,Niger,True
302,Kevin,Smith,1480460529,benjamindean@gmail.com,"585 Paul Square
North Cassidy, MT 31783",Sylviaside,Papua New Guinea,False
303,Hannah,Torres,1610968930,sean79@hotmail.com,"26138 Huff Island Apt. 257
West Aaron, IL 79349",West Patricia,Guinea,False
304,Michael,Long,1370805421,scottbowman@shaffer.com,"215 Galloway Fall Apt. 484
East Stephanie, MS 15479",Henryland,Comoros,True
305,Pamela,Murphy,1781624749,james84@yahoo.com,"2024 Perry Mountains
Thomasview, IA 88110",Sandraview,Finland,False
306,Bethany,Walker,1915420600,xmorris@gmail.com,"5636 Avila Burgs Apt. 195
Port Madeline, LA 92399",West Bradleymouth,Burkina Faso,False
307,Jason,Oconnell,1752601523,sandra33@gonzalez.com,"PSC 4909, Box 8798
APO AA 60321",Port Amy,Bahamas,False
308,Jonathan,Garner,1784900834,sarahsantos@gallagher.com,"PSC 2840, Box 7543
APO AA 37092",West Randy,Egypt,False
309,Jared,Johnson,1438838921,ythompson@gmail.com,"5039 Wilkinson Canyon
Lake Tyler, DC 48094",Lake Jaredberg,Martinique,False
310,Jose,Peters,1619408322,bmorgan@gmail.com,"235 Hart Mills Suite 373
North Dylanfurt, AR 00714",South Hannahtown,Gibraltar,False
311,Tabitha,Rogers,1897374265,markelliott@yahoo.com,"2534 Paul Keys
East James, FL 79175",Joshuafort,Bermuda,False
312,John,Taylor,1446813730,mccallwilliam@gonzales.org,"9506 Davis Estates Suite 377
Port Calebland, VA 76185",Mitchellchester,Ghana,True
313,Jodi,Stephenson,2016526960,zbooth@allen.net,"087 Bell Motorway
Hillton, IA 44194",South Peterburgh,Central African Republic,False
314,Michael,Morales,1629729713,lukemoses@yahoo.com,"821 Mckinney Radial
Barnettshire, NE 27819",Lake Patrickstad,Portugal,False
315,Brian,Brown,1347677286,christopher55@hotmail.com,"2882 Virginia Forge Apt. 637
East Annebury, FL 28118",Arthurmouth,Equatorial Guinea,True
316,Kayla,Williams,1530594691,cmiller@yahoo.com,"12407 Andrea Walk Apt. 595
Christinaborough, MA 34612",New Joseph,Hong Kong,False
317,Joe,Cochran,1765929137,obrienchristopher@hotmail.com,"PSC 4795, Box 7857
APO AP 66474",New Donna,Mexico,True
318,Donna,Bryant,1973429767,ortizamanda@gmail.com,"Unit 9818 Box 6162
DPO AE 04283",Leechester,Greece,True
319,Thomas,Johnson,2041138495,ortegadavid@wolfe.com,"938 Davies Mall
Isaacstad, MD 55896",Garzatown,Guinea,False
320,James,Cooper,1196047258,jessicaritter@hotmail.com,"5305 Kristin Extension
South Baileyfort, SC 42849",Lake Alexisstad,Philippines,True
321,Luke,Johnson,2013897254,uwalters@gmail.com,"55075 Todd Harbor
Fletchershire, VT 15586",Parksview,Saint Lucia,True
322,Mark,Taylor,1189457494,loganamy@gmail.com,"3668 Geoffrey Plains
North Danastad, TX 77006",Janetmouth,Saint Pierre And Miquelon,False
323,Sarah,Williamson,2020868794,hallmeghan@gmail.com,"897 Bryan Pine
East Jeffreyport, CT 09753",Millerfurt,Dominican Republic,False
324,Angela,Clark,2052262636,ihill@hotmail.com,"582 Todd Neck
North Mackenzieburgh, NM 22654",Kellyberg,Israel,True
325,Tiffany,Flores,1965770707,moorenathan@thomas.com,"03219 Steven Crest Apt. 239
New Alexandra, NC 63004",Lake Stephen,Albania,True
326,Angela,Bell,1666442860,brenda20@hotmail.com,"6623 Mcdaniel Estate
Yolandachester, NV 40886",Cherylfurt,Fiji,False
327,Andrea,Smith,1183507665,heidi82@bush.com,"97028 Zachary Forest
New Sara, NY 35506",New Patriciaville,Venezuela,True
328,Jesse,Lowe,1115957292,destinycarpenter@crawford.com,"8394 Leah Locks Suite 060
East Reginald, MI 42847",Alvarezstad,Saint Kitts And Nevis,False
329,Caroline,Bullock,1637059443,hurstjennifer@montoya.com,"3613 Keith Plaza Apt. 216
North Dana, PA 55664",East Sarahside,Tajikistan,False
330,Randall,Snyder,1371426941,tgeorge@wise.com,"4410 Solis Knolls Apt. 081
Port Danny, DC 53158",Lake Peterstad,Sierra Leone,True
331,Johnny,Stanley,1277962069,kfitzgerald@gmail.com,"922 Brooks Inlet Suite 261
Kennethmouth, VT 76319",Richardmouth,Colombia,True
332,Barbara,Dixon,1333804303,vanessalee@hotmail.com,"39327 Cynthia Fort
East Tonyport, ND 35329",Smithshire,Cambodia,True
333,Amy,Williams,1168040168,victoria76@hernandez-russell.com,"779 Nancy Island
West Stevenville, IA 72855",Martinezmouth,Romania,False
334,Brenda,Roberts,1870012430,alvaradostephanie@white.biz,"80501 John Orchard
Mcclurefurt, SC 81212",North Deborahview,Malta,True
335,James,English,1831150123,aaronmcconnell@yahoo.com,"079 Carson Mill Suite 890
Nealborough, KY 56208",North Anthonymouth,Solomon Islands,False
336,James,Sutton,1800046396,rsmith@yahoo.com,"429 Harrell Landing Suite 124
West James, WV 87012",Chelseafurt,Kosovo,True
337,Krystal,Wright,1602023998,jeffery77@sanchez.com,"49509 Paul Lights Apt. 199
Lake Brendaburgh, CA 02245",Lake Crystalmouth,Cote D'ivoire,False
338,Stephanie,Hill,1702718010,dustin43@cruz-bryant.biz,"3462 Ryan Via
Clarkland, VT 96672",Fisherport,Namibia,False
339,Jamie,Poole,1590772873,edwardssean@hotmail.com,"8178 Luis Dale Suite 658
Brianshire, CT 44128",South Sarastad,Egypt,False
340,Wesley,Bautista,1784288523,esilva@middleton.com,"631 Hayes Pine Suite 192
South Joseph, AR 43659",New Anthony,Bulgaria,False
341,Tyler,Jones,1400197056,jessicasanchez@yahoo.com,"0406 David Freeway
South Randy, MO 86732",North Gregoryhaven,United Arab Emirates,True
342,Jerry,Nash,2047040135,ashley50@gmail.com,"661 Bryan Points Apt. 686
Ewingborough, AZ 48493",Maryport,Dominican Republic,False
343,Nicole,Walton,1123177691,jschneider@gmail.com,"97196 Wallace Extensions
Christopherview, NC 63848",North Jason,Liechtenstein,False
344,Andrea,Weber,1770189926,matthewharper@white.org,"415 Tyler Key
Robinsonberg, PA 75750",Dianeland,United States of America,True
345,Susan,Munoz,2091128392,yfisher@gates.net,"851 Stephanie Lakes Apt. 219
Lake Elizabeth, IN 74337",Lake Allisonville,Belgium,False
346,Jason,Guerra,1979781312,charles61@yahoo.com,"91328 Kathryn Mews
Lake Robertborough, NJ 67467",Loganmouth,Georgia,False
347,Alexander,Whitney,1741972040,znorris@anderson-mclaughlin.com,"015 Joseph Flat Suite 949
Walterton, OR 90311",Johnton,Somalia,False
348,Jennifer,Whitehead,1855739876,qkirk@gmail.com,"Unit 4647 Box 9422
DPO AE 52290",East Timothy,Botswana,False
349,Marc,Henry,1558146312,dkeith@williams-davidson.com,"175 Mitchell Extensions Apt. 914
New Kathleen, CT 81099",Burchport,Iraq,True
350,Sharon,Morrison,1310258991,leestacey@johnson.net,"38996 Stout Throughway
Garrisonfurt, NE 24627",Megantown,Zimbabwe ,False
351,Kristen,Pennington,1783629633,kpatton@hotmail.com,"285 Sean Camp
Cherylbury, OK 13286",North Andrewborough,Georgia,False
352,Beth,Edwards,1983393098,millerlisa@cole-roberts.biz,"7075 Cynthia Lodge Apt. 713
Vernonport, WV 50526",Thomashaven,Mexico,True
353,Samuel,King,1415285767,powellerin@brown.net,"0810 James Pike Apt. 187
Port Kaylabury, ND 30450",South Caitlin,Fiji,False
354,Jennifer,Mayer,1613234010,cynthia07@barrera.com,"3145 Perez Square
Ashleechester, CO 22657",South Judith,Gambia,True
355,Ryan,Wagner,1690351808,brownalicia@diaz.com,"9654 James Walks Apt. 672
Lake Joshuaport, MA 39742",New Jordan,Sudan,False
356,Ashley,Acevedo,1535444413,tina04@hotmail.com,"60738 Robert Trail Apt. 325
North Alisonshire, RI 78385",West Davidland,Chad,False
357,Robert,Lindsey,1173374252,christopherday@hotmail.com,"8758 Robert Passage
Port Brett, NE 67640",Justinview,Cayman Islands,True
358,Kimberly,Livingston,1415356413,markramos@carter.com,"33553 Contreras Forest
Mcbridebury, MT 51783",Lake Elizabeth,Tokelau,True
359,Steven,Luna,1742690106,susan92@hill.biz,"3451 Perez Forest Apt. 307
Lake Robertmouth, KS 70311",Port Christina,Bolivia,False
360,Cathy,Gonzalez,1571080691,josephhudson@gmail.com,"11202 Diaz Island Suite 824
Thomasside, IN 03380",Dodsonfort,Turkey,False
361,Connie,Mccoy,2082276493,vflores@nguyen-foster.com,"638 Kimberly Extensions Suite 804
Ronaldbury, DC 77461",Connorbury,Austria,True
362,Logan,Saunders,1231826739,astout@gmail.com,"7391 Franco Motorway Apt. 864
Lake Davidborough, RI 63296",Belindaport,Hungary,True
363,Ebony,Yoder,1879085597,julietaylor@jordan-odonnell.net,"8492 Ryan Place Suite 020
Meganborough, DE 73114",West Markchester,Montserrat,True
364,Catherine,Mata,1338981612,morgan52@gmail.com,"018 Derek Manor Suite 865
Abigailside, TX 50879",North Patricia,Cape Verde,True
365,Diana,Love,1940902243,kgarner@gmail.com,"56038 Jerry Neck
Johnstonbury, MN 40646",Nguyenside,Montenegro,False
366,Aaron,Sanford,1349746283,robinsonsamuel@gmail.com,"99762 Berry Pine
Edwardston, NY 47437",Katieberg,Togo,False
367,Robert,Mays,1996972720,myersjacob@hotmail.com,"3775 Erica Plains Apt. 981
Ellischester, WY 90401",New Christopherstad,El Salvador,False
368,Scott,Wilson,1729670252,sheltonbradley@brown.info,"539 Joe Orchard Suite 597
Mortonside, MO 32994",South Erinburgh,Bermuda,False
369,Mark,Ruiz,1883755380,qthomas@sharp-bishop.com,"USCGC Fitzpatrick
FPO AA 26418",North Josephview,Morocco,True
370,Angelica,Mcbride,1665940664,stevensmith@hotmail.com,"USNV Floyd
FPO AE 46333",North Laurenport,Jordan,False
371,Austin,Walker,1631953041,karen71@washington.info,"3003 Ibarra Rue
South Tammyburgh, IN 11656",Kennethberg,Ethiopia,True
372,Eileen,Holmes,1718913931,mullinssteve@yahoo.com,"988 Sylvia Haven
Jasonmouth, NY 66720",Lake Shawnview,Togo,False
373,Hannah,Riddle,1937893846,hannahwilliams@hotmail.com,"318 Carl Causeway Suite 090
New Lucasstad, MS 18548",Lake Aprilstad,Cayman Islands,True
374,Chloe,Mills,1901874894,darren91@yahoo.com,"2550 Kevin Glen
Lake Lisaville, OK 24037",Mirandaland,Cote D'ivoire,False
375,Robert,Mcmillan,1711106826,jacqueline63@yahoo.com,"0313 Navarro Ways Suite 482
North Michealborough, NH 37430",West Melissaport,Slovenia,True
376,Ashley,Martinez,1513823932,cummingsdaniel@orr.com,"PSC 6534, Box 1947
APO AE 32131",Woodsmouth,Latvia,True
377,Kyle,Buck,1267693259,driley@small.info,"921 Villa Groves Suite 534
Delacruzfort, NV 80418",East Justin,Suriname,False
378,Christopher,Hall,1911191265,belliott@hotmail.com,"5633 Rivas Gateway
Paulberg, KY 35780",West Philip,Mauritania,False
379,Melinda,Smith,1438912887,sheryl06@yahoo.com,"7984 Erin Field
Torresmouth, GA 19792",Port Justinland,Barbados,True
380,Robert,Sanchez,1395266565,ofrank@gmail.com,"2766 Cameron Shores
Owensberg, SC 11473",Mitchelltown,Nicaragua,False
381,Janice,Chapman,1670493803,bryanyoung@hotmail.com,"127 Estrada Port
West Dana, OH 97622",Simpsonfort,Bouvet Island,False
382,Bill,Martin,1435638103,williamssandra@ramirez.com,"51411 Gonzalez Square
Jacquelinemouth, MI 11354",Michaelmouth,Romania,False
383,Peter,Huynh,1272333311,sandra19@gmail.com,"9751 Hoffman Inlet Suite 396
Scottfort, OH 43099",West Jason,Germany,False
384,Holly,Guerrero,2074626856,cranemichelle@vega.net,"93227 Brittany Heights
Kimberlyfort, WA 96317",Rickyfurt,Lesotho,True
385,Michael,Diaz,2090353202,knightdavid@edwards-lewis.org,"91499 Carlos Motorway Apt. 493
Dwaynehaven, MA 37721",Aprilton,United Arab Emirates,True
386,Angela,Barrett,1310747045,sandrasloan@jones-dickerson.net,"74594 Curtis Rest
Frankchester, LA 86165",Port Jamesshire,Niue,True
387,Melissa,Carney,1839708540,bgarcia@green.net,"36537 Daniel Corners
Justinview, OK 06297",Josephmouth,Vietnam,True
388,Adam,King,2013548346,amber55@hicks.com,"87162 Katie Park Apt. 535
Wilsonton, LA 02343",Jenniferborough,Saint Vincent And The Grenadines,False
389,Anthony,Walton,1990429341,xperry@johnson.com,"483 Richardson Extensions Apt. 145
North Richardmouth, AK 19221",Mccormickstad,Afghanistan,False
390,Maria,Knapp,1326580780,jon49@frank-phillips.info,"39711 Hammond Well
Maryside, NM 25646",Jasonborough,French Southern Territories,False
391,Ashley,Jackson,1443758925,projas@rivera.com,"7093 Daniels Turnpike
Nancyland, MA 96773",North Manuel,Grenada,False
392,Jonathan,Richard,1689102279,traceyhouse@henry.com,"9164 Eric Ranch Suite 809
Kimberlyfort, OR 30216",South Benjamin,Lesotho,True
393,Christina,Hunt,1115611022,steven60@thomas-atkins.com,"10420 Diaz Tunnel
Davidshire, NC 31785",Thomasfurt,Slovakia,True
394,Jennifer,Brown,1957034956,shahsusan@jones.info,"USNS Phillips
FPO AP 60509",Chadchester,Cameroon,False
395,Leah,Myers,2043875686,sarahrodriguez@rice-neal.com,"149 Gabriella Corners
Port Michaelmouth, MO 85942",East Michaelchester,Japan,True
396,Rebecca,Campbell,1876464653,williamsdavid@yahoo.com,"098 Martin Extension
West Justin, VT 48618",Lake Andrea,Denmark,False
397,Jeremiah,Howell,1182700609,randall46@chen.com,"USS Lopez
FPO AA 85976",Melodymouth,Switzerland,False
398,Timothy,Taylor,1946964939,chloewallace@yahoo.com,"8968 Megan Fort
Ayersview, VT 39666",New Michaelstad,United Kingdom,True
399,Christine,Walker,1616048646,browndylan@hotmail.com,"880 Christensen Rest Suite 915
New Christopher, IA 27178",Joshuaville,The Republic of South Korea,True
400,Lori,Knight,1420554146,deborah82@johnson-dean.com,"972 Ritter Ford
Franklinhaven, SD 25799",Andreabury,Democratic People's Republic of Korea,False
401,James,Sanders,1731967601,fhamilton@collins-soto.com,"830 James Crescent Suite 264
Harrisbury, LA 82727",Tabithabury,Saint Helena,False
402,Rebecca,Stone,1998495951,anna92@gmail.com,"497 Garrett Canyon Suite 461
New Jessicaside, VT 82728",Timothybury,Bouvet Island,False
403,Katherine,Wood,1570553115,burkesean@yahoo.com,"6734 Wells Wells Apt. 651
East Melanie, MS 30275",Payneborough,Svalbard And Jan Mayen,True
404,Ronald,Frey,1407000570,vmalone@hotmail.com,"Unit 3493 Box 0465
DPO AE 87423",New Jimmy,Norfolk Island,True
405,Bryan,Miller,1812247626,lambertdaniel@hotmail.com,"4700 Taylor Estates Apt. 443
Jacquelinechester, OK 52762",West Dawn,Saudi Arabia,False
406,Stephanie,Morse,1861524927,joshuaburke@gonzalez.com,"321 Velez Knoll
North Chad, MA 39156",Hunterfurt,Portugal,False
407,Marie,Miller,1391409433,byrdanthony@robinson.com,"5893 Martinez Causeway Apt. 682
Penningtonhaven, MT 37116",Donnaview,Bangladesh,False
408,Crystal,Douglas,1185974259,fgomez@lewis-taylor.org,"280 Knight Crossroad Apt. 690
Lake Stevenside, OH 55965",New Richard,Bhutan,True
409,Denise,Jones,1418897408,dgonzales@stein-clark.info,"8364 Bryant Forges Apt. 081
Lopezberg, OH 58597",Oliviaberg,Aruba,True
410,Wanda,Weaver,1571406513,stevenmathis@zhang.org,"225 Scott Curve
New Leahberg, IA 68426",North Kristineville,Myanmar,True
411,Natasha,Rodriguez,1548846224,johnsonmatthew@jones.org,"04883 Austin Curve
Josephton, MI 42402",Bryanchester,Germany,False
412,Karl,Martinez,1342870080,stevenchoi@williams.com,"726 Shaffer Grove Apt. 907
South Tiffany, ND 80531",Davismouth,Afghanistan,False
413,Lisa,Bryant,1131613571,obennett@blair.com,"38726 Andrew Lodge
Melissabury, AL 58780",Douglasville,The Republic of South Korea,True
414,Kimberly,Scott,1859200620,brian99@edwards-lee.com,"660 Graves Via Apt. 159
Davistown, OR 97341",Port Dustin,Mayotte,False
415,Christopher,Davidson,1311890223,alexandria82@gmail.com,"86129 William Divide Apt. 280
West Anthony, SC 08383",Tanyaborough,Liberia,False
416,Melinda,Ryan,1123971280,andrewssusan@jackson.biz,"07680 Steven Ferry
New Coreyton, OK 50738",West Kathrynfurt,Cote D'ivoire,False
417,Alexander,Webb,1332628104,gthompson@copeland.com,"387 Howard Walk
South Patriciaside, RI 65413",North David,Antigua And Barbuda,False
418,Ronald,Brooks,1124129580,nancyblake@case.org,"USNS Scott
FPO AP 95757",West Kelly,Togo,False
419,Nicholas,Nelson,1316839934,hjohnson@gmail.com,"76583 Chris Circles Suite 894
Port Steven, ND 65089",Conwayburgh,Chile,False
420,Willie,Taylor,1258027591,johnwallace@gmail.com,"63439 Courtney Cove
East Bradley, NJ 61252",Moorechester,Guinea-bissau,False
421,Louis,Collins,1709224733,marymiller@gmail.com,"130 Smith Route
Stevenshire, NJ 42133",West Annaside,France,False
422,Teresa,Perez,1111707249,peter89@simmons-dalton.com,"02176 Zachary Groves
Port Gregoryfort, HI 58247",Lake Joshuabury,Greenland,False
423,Linda,White,1721717621,douglas42@gmail.com,"05117 Bradley Row
East Troy, NH 91484",Paulborough,Luxembourg,True
424,Kenneth,Smith,1205604517,mcclurewilliam@hotmail.com,"27255 Jared Knoll Suite 617
Port Kyle, MS 68800",Jenniferland,Yemen,False
425,Christopher,Anderson,1320474632,dorseybrandon@hotmail.com,"075 Patricia Gardens Apt. 705
Millerport, OR 97806",East Garrettside,Albania,True
426,Amanda,Bailey,1563241076,jaimerodriguez@gmail.com,"62215 Cervantes Stravenue Suite 322
West Ryan, TN 28353",South Andreashire,Hong Kong,False
427,Michael,Lopez,1838390308,melissaflores@gmail.com,"692 Rachel Highway Suite 881
Nicoleton, CO 43312",Brandonfort,Kyrgyzstan,False
428,Keith,Patterson,1322178019,wmarquez@gmail.com,"Unit 4953 Box 1000
DPO AP 20231",Kathrynton,Lesotho,True
429,Megan,Pitts,1962297557,ferrellbrandon@hotmail.com,"646 Mcgee Fork Apt. 235
North Rachel, FL 35913",Loriside,Gibraltar,False
430,Tony,Sexton,1282169510,summerskelli@gmail.com,"12554 Mathew Locks Apt. 418
Woodview, HI 14787",Lopezton,Guatemala,True
431,Kristina,Navarro,2007979488,ocruz@johnson.net,"0605 Brian Alley
Sherrifort, VA 84322",East Penny,Dominican Republic,False
432,Ralph,Williams,1916848022,ajones@yahoo.com,"223 Nicole Flats Suite 891
Tinaville, SD 65875",Chelseamouth,French Polynesia,True
433,Matthew,Smith,2064168911,lrobles@hubbard.info,"5302 Pam Freeway
Masonborough, MA 20484",Lake Danielle,Afghanistan,False
434,Robert,Lopez,1550174316,tiffanyschroeder@kim-lawrence.com,"50619 Heidi Creek Apt. 491
Port Angela, ID 60874",West Mariaside,Estonia,False
435,Melissa,Clark,1402522560,jeremysnow@gmail.com,"92095 Hudson Prairie Apt. 205
West Marthatown, OK 93715",East Robert,El Salvador,False
436,Gary,Rocha,1511071181,emilywalsh@yahoo.com,"82892 Barrett Isle
Lake George, TX 95461",South Tarafort,Aruba,True
437,Paul,Rodriguez,1338563956,sullivanbryan@gmail.com,"200 Melissa Views Apt. 218
Burnettville, HI 52222",Patrickburgh,Ecuador,False
438,Danielle,Arnold,1590756165,gmoore@gmail.com,"77497 Buchanan Ford
Davidside, MI 42201",Port Steven,Zambia,True
439,Jessica,Fuller,1960368505,wlittle@hotmail.com,"764 Mclean Viaduct
East Frank, AZ 67518",Lake Deniseshire,Maldives,True
440,Lisa,Logan,1235882376,gordonjennifer@woods-marshall.com,"PSC 3350, Box 4078
APO AE 55804",East Joseview,Bangladesh,False
441,John,Gamble,1998842157,kimberlydavidson@moore.com,"28244 Anita Mount Suite 243
North Jamesbury, AK 38889",Lisastad,Saudi Arabia,False
442,Anthony,Schwartz,1861137502,jeremymartin@spencer.org,"39094 Berry Mountains Suite 351
Edwardsfurt, MD 03898",Lake Melissaton,Mongolia,True
443,Kelsey,Hale,1355217947,jamesgreen@hotmail.com,"21203 Klein Motorway Apt. 385
New Jacqueline, NE 42933",Walkerstad,Western Sahara,False
444,John,Mclaughlin,1731820356,brandonboone@hotmail.com,"4843 Brown Cove
New Patricia, IL 80556",East Darin,China,True
445,Alicia,Moses,1870857336,megan84@gmail.com,"679 Barrera Coves
Forbesborough, MI 04851",North John,Puerto Rico,True
446,Jose,Johnson,1135611420,zwatkins@hotmail.com,"265 Harper Estate Suite 963
Hillhaven, DE 84904",Kevinview,Heard Island And Mcdonald Islands,True
447,Mary,Ward,1728902981,hduran@benton.com,"804 Allen Ville Suite 892
New Julie, WI 68494",Lake Sherriburgh,Chad,False
448,Karen,Stephens,1500788809,georgeburns@rodriguez-brown.com,"7875 Guzman Isle
New Amanda, WY 34914",New Michealburgh,Tunisia,False
449,Cynthia,Garcia,1652408750,xwilkins@hotmail.com,"40907 Wong Mountain
Manningstad, KY 57244",Lake Darlenefort,Northern Mariana Islands,False
450,Kristen,May,1791789914,julie18@jackson-garcia.com,"474 Samantha Rue
West Annetown, MN 92525",Turnertown,Slovakia,True
451,Anthony,Davis,1554758397,paularice@gmail.com,"74287 Charles Branch
North Anthony, GA 95134",Arnoldstad,Equatorial Guinea,True
452,Kevin,Leonard,2027811749,joannemartin@gmail.com,"069 Smith Lights
Jeremyborough, OH 10324",West Howard,Slovakia,True
453,Nicole,Ramos,1910349653,kellergail@wilson.com,"8987 Glen Route Apt. 976
Josephborough, ME 40886",New Scottville,Bulgaria,False
454,Alan,Savage,1676522332,johnmcgee@hotmail.com,"4465 Jacob Hills
West Willie, IA 34933",East Johnland,Zimbabwe ,False
455,Crystal,Anderson,1810395267,laurenlynn@yahoo.com,"2186 Jennifer Garden
East Jenniferport, TN 64381",North Bradleyburgh,Sao Tome And Principe,True
456,Jody,Maynard,1128267796,cowanmatthew@vega.com,"Unit 4096 Box 8817
DPO AE 34250",Sandraview,Sweden,True
457,Brian,Waters,1805934310,david82@wells-smith.com,"8178 Claudia Spurs
Masseybury, AK 70890",Shepherdville,Panama,False
458,Paula,Mcintyre,1131489084,christianmason@hotmail.com,"9799 Stevens Crossing Apt. 487
Wagnerport, NE 18349",Wardmouth,Wallis And Futuna,True
459,Logan,Smith,1979205011,marvin74@dean-lee.com,"78706 Travis Valley Suite 132
Shawborough, CT 73889",Lisastad,French Southern Territories,False
460,Mark,Allen,1720014903,cody53@hotmail.com,"54896 Rebecca Forge Apt. 680
Andersonland, SC 78175",South Michelleborough,Mauritius,False
461,Jean,Vazquez,1746443947,kimberly09@abbott-johnson.com,"PSC 4204, Box 2301
APO AA 19454",Robertsland,British Virgin Islands,False
462,Megan,Jackson,1871845715,rmoore@cochran.org,"Unit 6465 Box 8993
DPO AA 02217",East Jacobbury,Lebanon,True
463,Charlotte,Lee,1402665075,qmyers@gmail.com,"86137 Lewis Bypass Apt. 776
New Elizabeth, ND 51819",Lindseystad,Germany,False
464,Kimberly,Phillips,1979092348,justinprice@yahoo.com,"5324 Austin Junction
Wilsonville, MS 47137",Marshallfort,Senegal,False
465,Jennifer,Johnson,1316997302,victoriaguzman@yahoo.com,"18119 Gardner Rest Suite 705
North Patriciaburgh, ID 18993",South Oscarmouth,Philippines,True
466,Sergio,Ryan,1409390178,fosterjennifer@johnson.com,"98097 Mullins Knoll
East Tyler, CA 48925",West Leslie,Kazakstan,False
467,Linda,Haney,1994288177,qdixon@yahoo.com,"37836 Pam Lodge Apt. 014
South Deborahburgh, NV 43177",East Nathanielland,Hungary,True
468,Mark,Myers,1203031134,deannagonzalez@juarez.com,"USNS Glover
FPO AA 13850",Dustinview,Cayman Islands,True
469,Kim,Manning,1578121282,sierra51@hotmail.com,"68509 Lee Knolls
East Karenchester, OH 14508",Jorgestad,Algeria,False
470,Nathan,Richard,1127786662,lutznatalie@gmail.com,"913 Greene Plains
Smithhaven, IL 35836",Taylorborough,Tonga,True
471,Andrew,Evans,1190504494,aperkins@gmail.com,"USNS Cox
FPO AE 97363",Robertview,Algeria,False
472,Sandra,Alvarez,2004390907,ericburton@hotmail.com,"1679 Lee Summit
Lake Patrickmouth, IL 90042",New Megan,Sao Tome And Principe,True
473,Mark,Hines,1386819746,kelly24@gmail.com,"0071 Williams Corners Suite 751
Port Raymondburgh, TN 26965",Ruizberg,Cayman Islands,True
474,Aaron,Hicks,1406811063,hfitzpatrick@pruitt.com,"54961 Willis Haven Suite 564
South Bryan, NJ 95893",Simmonsview,Faroe Islands,False
475,Janet,Rush,1633890091,igonzales@yahoo.com,"07602 Stephanie Circles Apt. 492
Port Traciville, IL 24705",Lake Brittany,Cyprus,True
476,Nancy,Hughes,1458327838,cherylboyle@thompson.org,"Unit 5684 Box 4353
DPO AP 82104",New Toniburgh,El Salvador,False
477,Christopher,Barrett,1404226097,dustinshields@gmail.com,"8534 Rivera Burgs
Aaronbury, CO 24567",Carolynchester,Malawi,False
478,Isabel,Mitchell,1547304828,fredchambers@hotmail.com,"806 Hill Route Suite 997
East Cassandrashire, DE 49391",Port Eugene,Cocos (Keeling) Islands,False
479,Brian,Brooks,1618395463,anthony07@hess.biz,"0050 Bennett Underpass
North Barbaramouth, MA 81220",Port Nicholas,Gambia,True
480,Gregory,Bishop,1758332071,scottamanda@flores-patrick.info,"88113 Emily Extension Suite 762
West Ralph, NE 17013",Nealside,Mozambique,False
481,Luke,Gibbs,1173250088,ortizjohn@gmail.com,"52744 Rogers Ways
South Mariafurt, CA 54375",North Kaylatown,Mayotte,False
482,Taylor,Green,1398564798,lynchnancy@gmail.com,"747 Henson Locks Suite 504
Rodgersburgh, AZ 84756",Kristifort,Japan,True
483,Alyssa,Osborne,1634399751,wendycox@mcfarland-hall.org,"80809 Cruz Avenue Apt. 673
Samuelside, AL 14754",East Jeffrey,Burundi,False
484,Lori,Schneider,1303181390,ortiztiffany@hotmail.com,"1854 Williams Light
Oliviafort, DC 64580",Matthewborough,Anguilla,True
485,Ashley,Butler,1157301646,robinsonamy@gmail.com,"Unit 7323 Box 5229
DPO AE 24584",Matthewland,Somalia,False
486,Jason,Rojas,1201717053,timothydiaz@jones-allen.com,"298 Xavier Valleys
Erikville, VA 75459",Jessicaside,Venezuela,True
487,Amanda,Allen,1503848675,scottcox@yahoo.com,"12518 Harris Corner Apt. 956
Ashleyland, NV 14522",Perkinsmouth,Guinea-bissau,False
488,Donald,Richardson,2055787376,lowemichael@brown.com,"90178 James Cliff Apt. 338
Port Kristentown, KY 91526",North Brian,Tanzania,True
489,Sheri,Marshall,1652791032,zwhite@mcclure.com,"USNS Ross
FPO AA 02839",Jennifershire,Kuwait,True
490,Brian,Patterson,1389619151,terrisimon@hartman.com,"3822 Flores Isle
Elizabethshire, MN 07497",Lawrenceville,Puerto Rico,True
491,Brandi,Huang,2041932245,jerome89@smith.com,"072 Pamela Light
East Heathershire, NH 87060",South Ashleyside,Haiti,False
492,Zachary,Brewer,1706574482,ramirezmichael@gmail.com,"186 Kelsey Lane
New Amandamouth, AZ 50050",West Joy,Niger,True
493,Kendra,Brown,1449881580,colemananthony@rodriguez.com,"32010 Smith Ports Suite 194
Aguilarshire, SC 30653",North Tracy,Peru,False
494,Lindsey,Flores,1582129232,michael87@gmail.com,"4288 Alex Pines Apt. 855
New Jeffport, PA 67571",East Zachary,Guyana,True
495,Sandra,Vasquez,1814776932,kathybrown@gmail.com,"296 Harris Street Suite 452
Mccarthyport, IA 62577",Griffinburgh,Zambia,True
496,Brittany,Hunt,1570762801,danielestrada@hotmail.com,"USS Willis
FPO AP 02723",East Vincentfurt,Laos,True
497,Ashley,Shepard,1518709657,emily44@adkins.com,"1413 Steele Rue
West Andreton, AK 40881",Lake Jacob,Ukraine,False
498,Joel,Lindsey,2065153443,yphillips@gmail.com,"7606 Lisa Inlet Apt. 335
Bradfordland, OK 03368",Stephenton,Wallis And Futuna,True
499,Jason,Wood,1984740455,cooleyeric@benitez-copeland.net,"860 Joseph Ports
New Michael, ME 06856",Johnsontown,Liberia,False
500,Daniel,Ford,1113113742,evazquez@hotmail.com,"62065 Galvan Ridge Apt. 326
North Elizabeth, WY 80090",Port Peter,Macedonia,False
